target	n_autosomal_sites	reason
BRD4	1619282	not in TF gate set
EP300	898149	not in TF gate set
SMARCA4	658603	not in TF gate set
RAD21	644076	not in TF gate set
MBD4	614768	not in TF gate set
EZH2	420144	not in TF gate set
SMARCC1	365534	not in TF gate set
BMI1	353556	not in TF gate set
SUZ12	329941	not in TF gate set
HDAC2	309627	not in TF gate set
SSRP1	300051	not in TF gate set
KDM1A	294481	not in TF gate set
LMNA	259893	not in TF gate set
BRD2	249899	not in TF gate set
SMC3	238414	not in TF gate set
RING1	233135	not in TF gate set
LMNB1	231628	not in TF gate set
INTS11	231058	not in TF gate set
CDK9	222969	not in TF gate set
TRIM28	214805	not in TF gate set
RNF2	187833	not in TF gate set
HDAC1	179472	not in TF gate set
BRD9	173357	not in TF gate set
SFPQ	172121	not in TF gate set
SS18	166406	not in TF gate set
PADI2	165894	not in TF gate set
ME1	159690	not in TF gate set
SIN3A	156646	not in TF gate set
CDK8	143762	not in TF gate set
DPF2	143665	not in TF gate set
TLE3	142244	not in TF gate set
H2AFZ	139647	not in TF gate set
GTF3C2	134937	not in TF gate set
NCOR1	131138	not in TF gate set
XRCC5	127143	not in TF gate set
SUMO2	126721	not in TF gate set
MCM7	124120	not in TF gate set
MBL2	123954	not in TF gate set
NCOA1	122572	not in TF gate set
MED12	121678	not in TF gate set
CHD7	120447	not in TF gate set
CBX3	119954	not in TF gate set
NUP98	117426	not in TF gate set
RBM25	117083	not in TF gate set
NIPBL	111094	not in TF gate set
FANCD2	109900	not in TF gate set
DTL	109127	not in TF gate set
SUPT5H	108693	not in TF gate set
SMAD2	108643	not in TF gate set
TAF1	107721	not in TF gate set
SMC1A	107417	not in TF gate set
ME3	106313	not in TF gate set
PARP1	105973	not in TF gate set
RUNX1T1	105559	not in TF gate set
EED	103539	not in TF gate set
SMARCB1	102365	not in TF gate set
BRD3	101690	not in TF gate set
RBM22	99421	not in TF gate set
SIRT6	96391	not in TF gate set
PEX2	95640	not in TF gate set
CUL4A	91197	not in TF gate set
CENPA	91118	not in TF gate set
SIRT1	90381	not in TF gate set
LDB1	89593	not in TF gate set
ARID2	89215	not in TF gate set
SRSF3	88994	not in TF gate set
CDK2	87674	not in TF gate set
HIRA	87428	not in TF gate set
CNOT3	85760	not in TF gate set
TRIM24	83635	not in TF gate set
RCOR1	78611	not in TF gate set
ERCC3	78534	not in TF gate set
T-CELL	77387	not in TF gate set
CHD1	76585	not in TF gate set
RBBP5	76405	not in TF gate set
AGO1	74417	not in TF gate set
AGO2	74271	not in TF gate set
YAP1	73549	not in TF gate set
CREBBP	72724	not in TF gate set
OGG1	72515	not in TF gate set
NELFE	72087	not in TF gate set
CHD8	70221	not in TF gate set
SMARCA2	69992	not in TF gate set
HDGFL3	69682	not in TF gate set
ARID1A	69434	not in TF gate set
PRMT1	68940	not in TF gate set
HEXIM1	68013	not in TF gate set
STAG1	65914	not in TF gate set
HNRNPLL	64612	not in TF gate set
DNMT3B	64486	not in TF gate set
INO80	63695	not in TF gate set
CDKN1B	63350	not in TF gate set
HDAC3	61842	not in TF gate set
KDM6A	61532	not in TF gate set
TAF15	59902	not in TF gate set
RBFOX2	59073	not in TF gate set
NCOR2	58570	not in TF gate set
EHMT2	56826	not in TF gate set
BCL3	56514	not in TF gate set
RBM39	54491	not in TF gate set
CBFA2T3	54238	not in TF gate set
SAP30	52085	not in TF gate set
CHD4	51370	not in TF gate set
HNRNPK	50265	not in TF gate set
STAG2	49463	not in TF gate set
GTF2F1	49193	not in TF gate set
LEO1	49170	not in TF gate set
MTOR	49138	not in TF gate set
AFF4	49123	not in TF gate set
AMH	48418	not in TF gate set
RBBP4	48171	not in TF gate set
PHF8	47163	not in TF gate set
CBX8	46325	not in TF gate set
SAP130	46054	not in TF gate set
ZSCAN5A	45523	not in TF gate set
PTBP1	45426	not in TF gate set
MLLT1	44915	not in TF gate set
KDM4A	42886	not in TF gate set
UPF1	42293	not in TF gate set
CRY1	41376	not in TF gate set
EP400	40332	not in TF gate set
HNRNPL	40301	not in TF gate set
PCBP2	40067	not in TF gate set
AFF1	39818	not in TF gate set
INTS13	39780	not in TF gate set
CRTC2	39683	not in TF gate set
CHD2	39490	not in TF gate set
MEIS3P1	39170	not in TF gate set
ERCC6	39102	not in TF gate set
TARDBP	38610	not in TF gate set
BRCA1	38553	not in TF gate set
EMSY	38176	not in TF gate set
MTA2	37851	not in TF gate set
PTEN	37589	not in TF gate set
BRD7	37301	not in TF gate set
SKI	36779	not in TF gate set
NCOA3	36541	not in TF gate set
SRSF7	36226	not in TF gate set
NOTCH1	36087	not in TF gate set
JMJD6	35939	not in TF gate set
ARID4B	34464	not in TF gate set
FIP1L1	34375	not in TF gate set
PMEPA1	34253	not in TF gate set
PCBP1	34105	not in TF gate set
KMT2C	33968	not in TF gate set
RAG2	33924	not in TF gate set
DAXX	33688	not in TF gate set
CBX2	33278	not in TF gate set
WDR5	32569	not in TF gate set
LARP7	31567	not in TF gate set
ZC3H8	31486	not in TF gate set
ZFP36	31460	not in TF gate set
KDM5A	31406	not in TF gate set
MAPK14	31348	not in TF gate set
SSU72	29962	not in TF gate set
U2AF1	29790	not in TF gate set
BICRA	29610	not in TF gate set
ZMYM3	29410	not in TF gate set
LMO1	29100	not in TF gate set
NONO	29011	not in TF gate set
ZNF644	28502	not in TF gate set
CDK7	28252	not in TF gate set
ZNF639	28117	not in TF gate set
PIAS1	27325	not in TF gate set
UBTF	26513	not in TF gate set
RCOR2	26380	not in TF gate set
TP53BP1	26304	not in TF gate set
CCAR2	26274	not in TF gate set
PHF5A	26185	not in TF gate set
NCAPH2	25983	not in TF gate set
SRSF1	25801	not in TF gate set
USP7	25788	not in TF gate set
CTBP1	25687	not in TF gate set
TOP1	25462	not in TF gate set
HNRNPH1	25180	not in TF gate set
ERCC2	25167	not in TF gate set
HMGXB4	25143	not in TF gate set
ATF7IP	24944	not in TF gate set
GABPB1	24660	not in TF gate set
SCML2	24344	not in TF gate set
PCF11	24056	not in TF gate set
MIER3	23745	not in TF gate set
RB1	23319	not in TF gate set
TRIM22	23187	not in TF gate set
GATAD1	23052	not in TF gate set
P65	22525	not in TF gate set
TBL1XR1	22200	not in TF gate set
KAT8	21805	not in TF gate set
BRPF3	21655	not in TF gate set
ORC2	21644	not in TF gate set
ELL2	21533	not in TF gate set
DMC1	21471	not in TF gate set
SRSF9	21194	not in TF gate set
SMARCE1	21154	not in TF gate set
SRC	21125	not in TF gate set
BCOR	20199	not in TF gate set
SMARCA5	20026	not in TF gate set
ARID1B	19965	not in TF gate set
MED26	19764	not in TF gate set
MEN1	19649	not in TF gate set
IVNS1ABP	19362	not in TF gate set
PRPF4	18691	not in TF gate set
APOBEC3B	18334	not in TF gate set
HBZ	18004	not in TF gate set
DCP1A	17862	not in TF gate set
CTBP2	17722	not in TF gate set
SRSF4	17230	not in TF gate set
L3MBTL2	17131	not in TF gate set
JARID2	16897	not in TF gate set
NELFA	16833	not in TF gate set
CBX1	16637	not in TF gate set
SUPT16H	16401	not in TF gate set
HCFC1	15947	not in TF gate set
SUPT6H	15941	not in TF gate set
PRKCQ	15868	not in TF gate set
PALB2	15663	not in TF gate set
NFKBIZ	15642	not in TF gate set
BCHE	15515	not in TF gate set
CDK12	15464	not in TF gate set
SLC30A9	15181	not in TF gate set
HDGFL2	15097	not in TF gate set
KDM4C	15091	not in TF gate set
HDAC6	14998	not in TF gate set
KDM3A	14960	not in TF gate set
ATRX	14512	not in TF gate set
FGFR1	14417	not in TF gate set
KDM6B	14316	not in TF gate set
RAD51	14279	not in TF gate set
SMARCC2	14224	not in TF gate set
DMAP1	14129	not in TF gate set
HNRNPC	13774	not in TF gate set
CAT	13729	not in TF gate set
PCGF2	13681	not in TF gate set
BDP1	13532	not in TF gate set
ZMYND8	13317	not in TF gate set
MXD3	13247	not in TF gate set
MLLT3	13184	not in TF gate set
NOTCH3	13013	not in TF gate set
CBFA2T2	12780	not in TF gate set
DEK	12653	not in TF gate set
FUS	12566	not in TF gate set
KDM5C	12513	not in TF gate set
SAFB	12149	not in TF gate set
ESCO2	12144	not in TF gate set
XRCC4	12080	not in TF gate set
ZBTB25	11941	not in TF gate set
NSD2	11941	not in TF gate set
ORC1	11934	not in TF gate set
ZGPAT	11898	not in TF gate set
FXR2	11846	not in TF gate set
PML	11797	not in TF gate set
NUP153	11612	not in TF gate set
INTS12	11387	not in TF gate set
U2AF2	11177	not in TF gate set
SMN1	11057	not in TF gate set
DOT1L	10950	not in TF gate set
ASH2L	10894	not in TF gate set
RERE	10868	not in TF gate set
EBP	10863	not in TF gate set
CCNT2	10608	not in TF gate set
OR2M7	10502	not in TF gate set
ZNF511	10371	not in TF gate set
RNGTT	10233	not in TF gate set
MIER2	10181	not in TF gate set
GTF3C5	9986	not in TF gate set
MTA3	9788	not in TF gate set
HNRNPUL1	9694	not in TF gate set
KAT2B	9682	not in TF gate set
CBX5	9659	not in TF gate set
CTNNB1	9657	not in TF gate set
KDM3B	9541	not in TF gate set
ILF3	9439	not in TF gate set
TSC22D4	9338	not in TF gate set
ZNF629	9336	not in TF gate set
NFKBIA	9267	not in TF gate set
APP	9256	not in TF gate set
NBN	9131	not in TF gate set
PYGO2	9037	not in TF gate set
MXD4	9025	not in TF gate set
RFXANK	8835	not in TF gate set
ARRB1	8676	not in TF gate set
MBTPS2	8495	not in TF gate set
HMGN3	8273	not in TF gate set
C-MYC	8118	not in TF gate set
INTS3	8024	not in TF gate set
CBX6	7804	not in TF gate set
RBL2	7762	not in TF gate set
ZNF687	7647	not in TF gate set
BCLAF1	7631	not in TF gate set
APC	7596	not in TF gate set
CBFB	7535	not in TF gate set
CCND2	6945	not in TF gate set
MYH11	6881	not in TF gate set
NFRKB	6730	not in TF gate set
SIN3B	6720	not in TF gate set
CPSF3	6682	not in TF gate set
PHF2	6679	not in TF gate set
SETX	6528	not in TF gate set
TAF3	6503	not in TF gate set
ASF1A	6456	not in TF gate set
PRDM11	6400	not in TF gate set
EWSR1	6379	not in TF gate set
TRIM25	6359	not in TF gate set
GREB1	6319	not in TF gate set
CC2D1A	6299	not in TF gate set
L3MBTL4	6262	not in TF gate set
ZMIZ1	6147	not in TF gate set
ZNF518A	6138	not in TF gate set
MUC22	6029	not in TF gate set
SON	5924	not in TF gate set
ZNF207	5784	not in TF gate set
PSIP1	5764	not in TF gate set
ID3	5603	not in TF gate set
BRD1	5559	not in TF gate set
KDM5D	5374	not in TF gate set
TAF7	5241	not in TF gate set
KMT2D	5153	not in TF gate set
PHF6	5014	not in TF gate set
SKIL	4865	not in TF gate set
RBM14	4794	not in TF gate set
SNRNP70	4587	not in TF gate set
NCOA4	4519	not in TF gate set
ADNP	4426	not in TF gate set
ZC3H11A	4406	not in TF gate set
XRN2	4343	not in TF gate set
CSNK2A1	4293	not in TF gate set
KDM4B	4211	not in TF gate set
DDX5	4201	not in TF gate set
ZNF781	4124	not in TF gate set
IGLV5-37	4098	not in TF gate set
ID1	3917	not in TF gate set
ZBTB21	3904	not in TF gate set
MTA1	3899	not in TF gate set
MYOCD	3815	not in TF gate set
SFMBT1	3777	not in TF gate set
UBN1	3776	not in TF gate set
HMGB2	3708	not in TF gate set
BAP1	3598	not in TF gate set
ZNF318	3542	not in TF gate set
CBX7	3532	not in TF gate set
AHRR	3523	not in TF gate set
INSR	3459	not in TF gate set
ZNF577	3336	not in TF gate set
DDX20	3310	not in TF gate set
SS18/SSX1	3134	not in TF gate set
KDM7A	2940	not in TF gate set
NCOA2	2938	not in TF gate set
ZSCAN5DP	2895	not in TF gate set
LIN9	2869	not in TF gate set
MBTD1	2743	not in TF gate set
RYBP	2730	not in TF gate set
DNMT3A	2700	not in TF gate set
TBPL1	2673	not in TF gate set
HMGB1	2611	not in TF gate set
LMTK3	2540	not in TF gate set
DDX21	2519	not in TF gate set
BRCA2	2516	not in TF gate set
METTL3	2501	not in TF gate set
SAFB2	2462	not in TF gate set
HDGF	2397	not in TF gate set
EBNA1BP2	2331	not in TF gate set
MORC2	2328	not in TF gate set
INSM2	2268	not in TF gate set
WRNIP1	2242	not in TF gate set
SRPK1	2216	not in TF gate set
CHAF1B	2188	not in TF gate set
HDAC4	2170	not in TF gate set
ID2	1973	not in TF gate set
MAML1	1971	not in TF gate set
PHF20	1936	not in TF gate set
SETD7	1851	not in TF gate set
HIST1H1T	1824	not in TF gate set
FXR1	1807	not in TF gate set
METTL14	1705	not in TF gate set
TAZ	1656	not in TF gate set
SUMO1	1579	not in TF gate set
SRPK2	1559	not in TF gate set
MIER1	1506	not in TF gate set
ZNF579	1505	not in TF gate set
PBXIP1	1489	not in TF gate set
F10	1475	not in TF gate set
CDC73	1473	not in TF gate set
PHB2	1429	not in TF gate set
SIPA1	1425	not in TF gate set
SMCHD1	1407	not in TF gate set
SUPT20H	1403	not in TF gate set
RAG1	1364	not in TF gate set
AEBP2	1347	not in TF gate set
NAB2	1339	not in TF gate set
TOP2B	1318	not in TF gate set
AUTS2	1281	not in TF gate set
CIITA	1279	not in TF gate set
BAHD1	1279	not in TF gate set
DIDO1	1265	not in TF gate set
SMARCA1	1207	not in TF gate set
KDM1B	1192	not in TF gate set
NME2	1171	not in TF gate set
SNAPC4	1107	not in TF gate set
SETD1A	1103	not in TF gate set
SIRT3	1030	not in TF gate set
CHAMP1	1013	not in TF gate set
KAT2A	989	not in TF gate set
OVOL3	975	not in TF gate set
CSHL1	956	not in TF gate set
ADA2	930	not in TF gate set
DYRK1A	919	not in TF gate set
PRKDC	911	not in TF gate set
GUCY1B3	902	not in TF gate set
COBLL1	893	not in TF gate set
RBM34	873	not in TF gate set
HSD17B8	820	not in TF gate set
WDHD1	808	not in TF gate set
MED25	793	not in TF gate set
PTTG1	792	not in TF gate set
GTF2A2	774	not in TF gate set
SNIP1	747	not in TF gate set
PRMT5	721	not in TF gate set
KAT5	687	not in TF gate set
ATXN7L3	675	not in TF gate set
CDH4	667	not in TF gate set
CAVIN1	665	not in TF gate set
PTPRA	619	not in TF gate set
CASP8AP2	614	not in TF gate set
SKP2	605	not in TF gate set
LAMB3	601	not in TF gate set
TAF9B	584	not in TF gate set
MCM3	561	not in TF gate set
RBM15	556	not in TF gate set
CENPT	500	not in TF gate set
BANP	496	not in TF gate set
HDAC8	428	not in TF gate set
CTR9	407	not in TF gate set
ALKBH3	398	not in TF gate set
PCGF1	381	not in TF gate set
ASXL2	376	not in TF gate set
ZMYND11	365	not in TF gate set
ATOH8	340	not in TF gate set
UBE3A	333	not in TF gate set
NCOA6	332	not in TF gate set
UBE2I	314	not in TF gate set
FAM208A	309	not in TF gate set
GTF2E2	294	not in TF gate set
MAPK3	279	not in TF gate set
PIAS4	278	not in TF gate set
TERT	277	not in TF gate set
EPC1	275	not in TF gate set
DICER1	265	not in TF gate set
ZNF830	259	not in TF gate set
NPM1	258	not in TF gate set
TOX4	257	not in TF gate set
TUBG1	256	not in TF gate set
ZMYM2	244	not in TF gate set
RPA1	231	not in TF gate set
TRIP13	230	not in TF gate set
HMCES	227	not in TF gate set
ILK	218	not in TF gate set
VRTN	208	not in TF gate set
PAF1	198	not in TF gate set
XPO1	198	not in TF gate set
PGM3	194	not in TF gate set
ARHGAP35	193	not in TF gate set
ZSCAN5B	192	not in TF gate set
LAMTOR5	191	not in TF gate set
PPARGC1A	191	not in TF gate set
NPAT	179	not in TF gate set
RUVBL1	173	not in TF gate set
F2RL1	171	not in TF gate set
BRF1	171	not in TF gate set
ZFP36L1	170	not in TF gate set
SQSTM1	168	not in TF gate set
PSMB5	167	not in TF gate set
SVIL	157	not in TF gate set
ATM	151	not in TF gate set
DDX11	150	not in TF gate set
MED16	147	not in TF gate set
SYNCRIP	132	not in TF gate set
PER1	131	not in TF gate set
ZNF165	128	not in TF gate set
MCM2	118	not in TF gate set
WIZ	113	not in TF gate set
ERCC8	113	not in TF gate set
EGFR	107	not in TF gate set
IGF1R	98	not in TF gate set
ZNF544	95	not in TF gate set
MTHFD1	92	not in TF gate set
CHAF1A	88	not in TF gate set
RBMX	83	not in TF gate set
MPHOSPH8	83	not in TF gate set
ADCYAP1	81	not in TF gate set
DPPA3	80	not in TF gate set
DROSHA	78	not in TF gate set
GTF3C1	78	not in TF gate set
THRAP3	76	not in TF gate set
NUFIP1	76	not in TF gate set
ZA	72	not in TF gate set
CARM1	72	not in TF gate set
RBL1	70	not in TF gate set
PGBD5	67	not in TF gate set
ZSCAN18	66	not in TF gate set
PCGF6	61	not in TF gate set
HJURP	57	not in TF gate set
ZNF491	57	not in TF gate set
SIGMAR1	55	not in TF gate set
MCM5	54	not in TF gate set
ID4	50	not in TF gate set
RUVBL2	49	not in TF gate set
ZNF514	47	not in TF gate set
ZNF622	47	not in TF gate set
XRCC3	47	not in TF gate set
TCOF1	46	not in TF gate set
CASP3	45	not in TF gate set
PLRG1	43	not in TF gate set
MCRS1	42	not in TF gate set
TFAM	41	not in TF gate set
LMNB2	40	not in TF gate set
HDAC9	37	not in TF gate set
RPA2	36	not in TF gate set
BRF2	36	not in TF gate set
TOP2BETA	33	not in TF gate set
MAP2K1	33	not in TF gate set
USP22	30	not in TF gate set
ALYREF	26	not in TF gate set
CGAS	23	not in TF gate set
NUP214	22	not in TF gate set
SNAPC2	21	not in TF gate set
ZNF155	19	not in TF gate set
WRN	19	not in TF gate set
SMARCAL1	17	not in TF gate set
MDM2	17	not in TF gate set
PCGF5	13	not in TF gate set
TDRD3	13	not in TF gate set
REPIN1	12	not in TF gate set
ZNF473	12	not in TF gate set
ZNF837	12	not in TF gate set
PBRM1	12	not in TF gate set
ZNF670	12	not in TF gate set
RBM17	11	not in TF gate set
ZNF195	11	not in TF gate set
COIL	10	not in TF gate set
STN1	9	not in TF gate set
ZNF280C	8	not in TF gate set
SOD1	8	not in TF gate set
CHTOP	8	not in TF gate set
ZNF221	7	not in TF gate set
ZNF645	7	not in TF gate set
NXF1	6	not in TF gate set
ZNF747	6	not in TF gate set
MBD3L2	5	not in TF gate set
DKK1	5	not in TF gate set
MAP1LC3B	5	not in TF gate set
PRDM2	4	not in TF gate set
NUP107	2	not in TF gate set
COPS2	2	not in TF gate set
ING5	2	not in TF gate set
ING2	1	not in TF gate set
TAF12	1	not in TF gate set
PRMT3	1	not in TF gate set
